id,role_id,active,name,email,password,created_at,updated_at
10,1,1,duban,user@gmail.com,$2b$10$3DZpeIaaL4Fu1RlFhL6Vu.R2gOjMCPiavF2dUDiDo0KvZd/m9Pr4m,Thu Mar 27 2025 10:43:09 GMT-0500 (Colombia Standard Time),Wed May 07 2025 11:55:08 GMT-0500 (Colombia Standard Time)
40,2,1,John Doe,auditor@gmail.com,$2b$10$zgB12MdLFMek21DJSmWyHeQNTPxgHudc3HkwY4k8vFJo/.LCfdnMa,Thu May 01 2025 13:05:48 GMT-0500 (Colombia Standard Time),Thu Jun 19 2025 21:58:44 GMT-0500 (Colombia Standard Time)
49,1,1,John Doe,user1@gmail.com,$2b$10$3DZpeIaaL4Fu1RlFhL6Vu.R2gOjMCPiavF2dUDiDo0KvZd/m9Pr4m,Thu Mar 27 2025 10:43:09 GMT-0500 (Colombia Standard Time),Thu Jun 19 2025 22:00:34 GMT-0500 (Colombia Standard Time)
65,4,1,DO INNOVATION SAS BIC,doinnovacion@gmail.com,$2b$10$r22e7gOo775GTAZrMgkNYuUvd5dMapcToJVV9vJ.u8YeIfe7NrASS,Thu May 29 2025 18:52:18 GMT-0500 (Colombia Standard Time),Wed Jun 11 2025 09:58:02 GMT-0500 (Colombia Standard Time)
66,3,1,ANDREY,jobecerra57@gmail.com,$2b$10$1BO7XNk3mAj.97qzBnJlweXnY9QZ0rTZCCDmmgslKqNv3Vi7BX2D.,Thu May 29 2025 19:57:17 GMT-0500 (Colombia Standard Time),Sat Jun 07 2025 22:36:18 GMT-0500 (Colombia Standard Time)
67,3,1,LUIS FERNANDO,pinoxad646@pricegh.com,$2b$10$TVjI2rV1665qhkRoztXkp.UqYolGkQmkCJ5TTD52frhYfGPk2T7Vu,Thu May 29 2025 20:01:19 GMT-0500 (Colombia Standard Time),Thu May 29 2025 20:02:41 GMT-0500 (Colombia Standard Time)
70,3,1,duban,duedi707@gmail.com,$2b$10$LE7OOzhw6P3jor2gkScQGuQwyvEX6wKD5/8PkX9/O7TpDAyum76B2,Sat May 31 2025 10:59:49 GMT-0500 (Colombia Standard Time),Mon Jun 09 2025 08:14:51 GMT-0500 (Colombia Standard Time)
73,1,1,DIANA OROZCO,do@diana-orozco.com,$2b$10$WTKq8BmlH3rRYMjdNhBmaOz/yri8az/a/Yu78cSsbYThNY.KjyLcC,Sat Jun 21 2025 11:03:40 GMT-0500 (Colombia Standard Time),Sat Jun 21 2025 11:03:40 GMT-0500 (Colombia Standard Time)
74,1,1,DIANA OROZCO,dimaor88@hotmail.com,$2b$10$AsmU0gZO3if0XZ.nQFkuqOYAD6/H8yL8BpOLgfENvNtM4mKwdEL7S,Sat Jun 21 2025 11:07:18 GMT-0500 (Colombia Standard Time),Sat Jun 21 2025 11:07:18 GMT-0500 (Colombia Standard Time)
